<?xml version="1.0" encoding="UTF-8"?>
<project-private xmlns="http://www.netbeans.org/ns/project-private/1">
    <editor-bookmarks xmlns="http://www.netbeans.org/ns/editor-bookmarks/2" lastBookmarkId="0"/>
    <open-files xmlns="http://www.netbeans.org/ns/projectui-open-files/2">
        <group>
            <file>file:/D:/Users/Tyler/Documents/tyler/work/Prof%20Emami/Development%20Board%20Summer%202017/Code/Samples/PIC/demo/PIC18F2550_Firmware/USBConverter/BSP-FILES/pdusb_2550.c</file>
            <file>file:/D:/Users/Tyler/Documents/tyler/work/Prof%20Emami/Development%20Board%20Summer%202017/Code/Samples/PIC/demo/PIC18F2550_Firmware/USBConverter/mla/v2017_03_06/framework/usb/src/app_device_cdc_to_uart.c</file>
            <file>file:/D:/Users/Tyler/Documents/tyler/work/Prof%20Emami/Development%20Board%20Summer%202017/Code/Samples/PIC/demo/PIC18F2550_Firmware/USBConverter/mla/v2017_03_06/framework/usb/src/usart.c</file>
            <file>file:/D:/Users/Tyler/Documents/tyler/work/Prof%20Emami/Development%20Board%20Summer%202017/Code/Samples/PIC/demo/PIC18F2550_Firmware/USBConverter/mla/v2017_03_06/framework/usb/src/usb_device_cdc.c</file>
            <file>file:/D:/Users/Tyler/Documents/tyler/work/Prof%20Emami/Development%20Board%20Summer%202017/Code/Samples/PIC/demo/PIC18F2550_Firmware/USBConverter/LPC_FSUSB-CDC-X/system.c</file>
        </group>
    </open-files>
</project-private>
