<?xml version="1.0" encoding="UTF-8"?>
<project-private xmlns="http://www.netbeans.org/ns/project-private/1">
    <editor-bookmarks xmlns="http://www.netbeans.org/ns/editor-bookmarks/2" lastBookmarkId="0"/>
    <open-files xmlns="http://www.netbeans.org/ns/projectui-open-files/2">
        <group>
            <file>file:/Users/sherrychan/Desktop/microcontroller/PIC%20DevBugger%20Sample%20Codes/10_PIC-Arduino/UART/PIC_UART_Arduino.X/UART_PIC.c</file>
            <file>file:/Users/sherrychan/Desktop/microcontroller/PIC%20DevBugger%20Sample%20Codes/10_PIC-Arduino/UART/PIC_UART_Arduino.X/main.c</file>
        </group>
    </open-files>
</project-private>
