<?xml version="1.0" encoding="UTF-8"?>
<configurationDescriptor version="62">
  <logicalFolder name="root" displayName="root" projectFiles="true">
    <logicalFolder name="HeaderFiles"
                   displayName="Header Files"
                   projectFiles="true">
      <logicalFolder name="f1" displayName="USB" projectFiles="true">
        <logicalFolder name="f3" displayName="app" projectFiles="true">
          <itemPath>../USBConverter/LPC_FSUSB-CDC-X/system.h</itemPath>
          <itemPath>../USBConverter/LPC_FSUSB-CDC-X/system_config.h</itemPath>
          <itemPath>../USBConverter/LPC_FSUSB-CDC-X/usb_config.h</itemPath>
          <itemPath>../USBConverter/mla/v2017_03_06/framework/usb/inc/usart.h</itemPath>
          <itemPath>../USBConverter/LPC_FSUSB-CDC-X/main_cdc.h</itemPath>
        </logicalFolder>
        <logicalFolder name="f1" displayName="bsp" projectFiles="true">
          <itemPath>../USBConverter/BSP-FILES/pdusb_2550.h</itemPath>
        </logicalFolder>
        <logicalFolder name="f2" displayName="Framework" projectFiles="true">
          <itemPath>../USBConverter/mla/v2017_03_06/framework/usb/inc/app_device_cdc_to_uart.h</itemPath>
          <itemPath>../USBConverter/mla/v2017_03_06/framework/usb/inc/usb.h</itemPath>
          <itemPath>../USBConverter/mla/v2017_03_06/framework/usb/inc/usb_ch9.h</itemPath>
          <itemPath>../USBConverter/mla/v2017_03_06/framework/usb/inc/usb_common.h</itemPath>
          <itemPath>../USBConverter/mla/v2017_03_06/framework/usb/inc/usb_device.h</itemPath>
          <itemPath>../USBConverter/mla/v2017_03_06/framework/usb/inc/usb_device_cdc.h</itemPath>
          <itemPath>../USBConverter/mla/v2017_03_06/framework/usb/inc/usb_hal.h</itemPath>
          <itemPath>../USBConverter/mla/v2017_03_06/framework/usb/inc/usb_hal_pic18.h</itemPath>
        </logicalFolder>
        <itemPath>../USBConverter/LPC_FSUSB-CDC-X/stdbool.h</itemPath>
        <itemPath>../USBConverter/LPC_FSUSB-CDC-X/stdint.h</itemPath>
      </logicalFolder>
      <itemPath>Keypad.h</itemPath>
      <itemPath>UART_PIC.h</itemPath>
      <itemPath>configBits.h</itemPath>
      <itemPath>machineConfig.h</itemPath>
    </logicalFolder>
    <logicalFolder name="LinkerScript"
                   displayName="Linker Files"
                   projectFiles="true">
    </logicalFolder>
    <logicalFolder name="SourceFiles"
                   displayName="Source Files"
                   projectFiles="true">
      <logicalFolder name="f1" displayName="USB" projectFiles="true">
        <logicalFolder name="f3" displayName="app" projectFiles="true">
          <itemPath>../USBConverter/LPC_FSUSB-CDC-X/main_cdc.c</itemPath>
          <itemPath>../USBConverter/LPC_FSUSB-CDC-X/system.c</itemPath>
          <itemPath>../USBConverter/LPC_FSUSB-CDC-X/usb_descriptors.c</itemPath>
        </logicalFolder>
        <logicalFolder name="f1" displayName="bsp" projectFiles="true">
          <itemPath>../USBConverter/BSP-FILES/pdusb_2550.c</itemPath>
        </logicalFolder>
        <logicalFolder name="f2" displayName="Framework" projectFiles="true">
          <itemPath>../USBConverter/mla/v2017_03_06/framework/usb/src/app_device_cdc_to_uart.c</itemPath>
          <itemPath>../USBConverter/mla/v2017_03_06/framework/usb/src/usart.c</itemPath>
          <itemPath>../USBConverter/mla/v2017_03_06/framework/usb/src/usb_device.c</itemPath>
          <itemPath>../USBConverter/mla/v2017_03_06/framework/usb/src/usb_device_cdc.c</itemPath>
          <itemPath>../USBConverter/mla/v2017_03_06/framework/usb/src/usb_device_local.h</itemPath>
        </logicalFolder>
      </logicalFolder>
      <itemPath>main.c</itemPath>
      <itemPath>interruptUART.c</itemPath>
      <itemPath>machineConfig.c</itemPath>
      <itemPath>UART_PIC.c</itemPath>
      <itemPath>Keypad.c</itemPath>
    </logicalFolder>
    <logicalFolder name="ExternalFiles"
                   displayName="Important Files"
                   projectFiles="false">
      <itemPath>Makefile</itemPath>
    </logicalFolder>
  </logicalFolder>
  <sourceRootList>
    <Elem>../../../src/PIC18F2550</Elem>
    <Elem>../../../src/KeypadEncoder</Elem>
    <Elem>../../../src/UART</Elem>
    <Elem>..</Elem>
  </sourceRootList>
  <projectmakefile>Makefile</projectmakefile>
  <confs>
    <conf name="DevBugger" type="2">
      <toolsSet>
        <developmentServer>localhost</developmentServer>
        <targetDevice>PIC18F2550</targetDevice>
        <targetHeader></targetHeader>
        <targetPluginBoard></targetPluginBoard>
        <platformTool>PICkit3PlatformTool</platformTool>
        <languageToolchain>XC8</languageToolchain>
        <languageToolchainVersion>1.42</languageToolchainVersion>
        <platform>3</platform>
      </toolsSet>
      <compileType>
        <linkerTool>
          <linkerLibItems>
          </linkerLibItems>
        </linkerTool>
        <archiverTool>
        </archiverTool>
        <loading>
          <useAlternateLoadableFile>false</useAlternateLoadableFile>
          <parseOnProdLoad>false</parseOnProdLoad>
          <alternateLoadableFile></alternateLoadableFile>
        </loading>
        <subordinates>
        </subordinates>
      </compileType>
      <makeCustomizationType>
        <makeCustomizationPreStepEnabled>false</makeCustomizationPreStepEnabled>
        <makeCustomizationPreStep></makeCustomizationPreStep>
        <makeCustomizationPostStepEnabled>false</makeCustomizationPostStepEnabled>
        <makeCustomizationPostStep></makeCustomizationPostStep>
        <makeCustomizationPutChecksumInUserID>false</makeCustomizationPutChecksumInUserID>
        <makeCustomizationEnableLongLines>false</makeCustomizationEnableLongLines>
        <makeCustomizationNormalizeHexFile>false</makeCustomizationNormalizeHexFile>
      </makeCustomizationType>
      <HI-TECH-COMP>
        <property key="asmlist" value="true"/>
        <property key="define-macros" value=""/>
        <property key="disable-optimizations" value="false"/>
        <property key="extra-include-directories"
                  value="../USBConverter/mla/v2017_03_06/framework/usb/inc;./plib;./;..\USBConverter\LPC_FSUSB-CDC-X"/>
        <property key="favor-optimization-for" value="-speed,+space"/>
        <property key="identifier-length" value="255"/>
        <property key="local-generation" value="false"/>
        <property key="operation-mode" value="free"/>
        <property key="opt-xc8-compiler-strict_ansi" value="false"/>
        <property key="optimization-assembler" value="true"/>
        <property key="optimization-assembler-files" value="true"/>
        <property key="optimization-debug" value="false"/>
        <property key="optimization-global" value="true"/>
        <property key="optimization-invariant-enable" value="false"/>
        <property key="optimization-invariant-value" value="16"/>
        <property key="optimization-level" value="9"/>
        <property key="optimization-set" value="default"/>
        <property key="optimization-speed" value="false"/>
        <property key="optimization-stable-enable" value="false"/>
        <property key="preprocess-assembler" value="true"/>
        <property key="undefine-macros" value=""/>
        <property key="use-cci" value="false"/>
        <property key="use-iar" value="false"/>
        <property key="verbose" value="false"/>
        <property key="warning-level" value="-3"/>
        <property key="what-to-do" value="ignore"/>
      </HI-TECH-COMP>
      <HI-TECH-LINK>
        <property key="additional-options-checksum" value=""/>
        <property key="additional-options-code-offset" value=""/>
        <property key="additional-options-command-line" value=""/>
        <property key="additional-options-errata" value=""/>
        <property key="additional-options-extend-address" value="false"/>
        <property key="additional-options-trace-type" value=""/>
        <property key="additional-options-use-response-files" value="false"/>
        <property key="backup-reset-condition-flags" value="false"/>
        <property key="calibrate-oscillator" value="false"/>
        <property key="calibrate-oscillator-value" value="0x3400"/>
        <property key="clear-bss" value="true"/>
        <property key="code-model-external" value="wordwrite"/>
        <property key="code-model-rom" value=""/>
        <property key="create-html-files" value="false"/>
        <property key="data-model-ram" value=""/>
        <property key="data-model-size-of-double" value="24"/>
        <property key="data-model-size-of-float" value="24"/>
        <property key="display-class-usage" value="false"/>
        <property key="display-hex-usage" value="false"/>
        <property key="display-overall-usage" value="true"/>
        <property key="display-psect-usage" value="false"/>
        <property key="fill-flash-options-addr" value=""/>
        <property key="fill-flash-options-const" value=""/>
        <property key="fill-flash-options-how" value="0"/>
        <property key="fill-flash-options-inc-const" value="1"/>
        <property key="fill-flash-options-increment" value=""/>
        <property key="fill-flash-options-seq" value=""/>
        <property key="fill-flash-options-what" value="0"/>
        <property key="format-hex-file-for-download" value="false"/>
        <property key="initialize-data" value="true"/>
        <property key="keep-generated-startup.as" value="false"/>
        <property key="link-in-c-library" value="true"/>
        <property key="link-in-peripheral-library" value="true"/>
        <property key="managed-stack" value="false"/>
        <property key="opt-xc8-linker-file" value="false"/>
        <property key="opt-xc8-linker-link_startup" value="false"/>
        <property key="opt-xc8-linker-serial" value=""/>
        <property key="program-the-device-with-default-config-words" value="true"/>
      </HI-TECH-LINK>
      <PICkit3PlatformTool>
        <property key="AutoSelectMemRanges" value="auto"/>
        <property key="Freeze Peripherals" value="true"/>
        <property key="SecureSegment.SegmentProgramming" value="FullChipProgramming"/>
        <property key="ToolFirmwareFilePath"
                  value="Press to browse for a specific firmware version"/>
        <property key="ToolFirmwareOption.UseLatestFirmware" value="true"/>
        <property key="firmware.download.all" value="false"/>
        <property key="hwtoolclock.frcindebug" value="false"/>
        <property key="memories.aux" value="false"/>
        <property key="memories.bootflash" value="true"/>
        <property key="memories.configurationmemory" value="true"/>
        <property key="memories.configurationmemory2" value="true"/>
        <property key="memories.dataflash" value="true"/>
        <property key="memories.eeprom" value="true"/>
        <property key="memories.flashdata" value="true"/>
        <property key="memories.id" value="true"/>
        <property key="memories.instruction.ram" value="true"/>
        <property key="memories.instruction.ram.ranges"
                  value="${memories.instruction.ram.ranges}"/>
        <property key="memories.programmemory" value="true"/>
        <property key="memories.programmemory.ranges" value="0-7fff"/>
        <property key="poweroptions.powerenable" value="false"/>
        <property key="programmertogo.imagename" value=""/>
        <property key="programoptions.donoteraseauxmem" value="false"/>
        <property key="programoptions.eraseb4program" value="true"/>
        <property key="programoptions.pgmspeed" value="2"/>
        <property key="programoptions.preservedataflash" value="false"/>
        <property key="programoptions.preservedataflash.ranges"
                  value="${programoptions.preservedataflash.ranges}"/>
        <property key="programoptions.preserveeeprom" value="false"/>
        <property key="programoptions.preserveeeprom.ranges" value=""/>
        <property key="programoptions.preserveprogram.ranges" value=""/>
        <property key="programoptions.preserveprogramrange" value="false"/>
        <property key="programoptions.preserveuserid" value="false"/>
        <property key="programoptions.programcalmem" value="false"/>
        <property key="programoptions.programuserotp" value="false"/>
        <property key="programoptions.testmodeentrymethod" value="VDDFirst"/>
        <property key="programoptions.usehighvoltageonmclr" value="false"/>
        <property key="programoptions.uselvpprogramming" value="false"/>
        <property key="voltagevalue" value="5.0"/>
      </PICkit3PlatformTool>
      <XC8-config-global>
        <property key="advanced-elf" value="true"/>
        <property key="output-file-format" value="-mcof,+elf"/>
        <property key="stack-size-high" value="auto"/>
        <property key="stack-size-low" value="auto"/>
        <property key="stack-size-main" value="auto"/>
        <property key="stack-type" value="compiled"/>
      </XC8-config-global>
      <item path="interruptUART.c" ex="true" overriding="false">
        <HI-TECH-COMP>
        </HI-TECH-COMP>
        <HI-TECH-LINK>
        </HI-TECH-LINK>
        <XC8-config-global>
        </XC8-config-global>
      </item>
    </conf>
  </confs>
</configurationDescriptor>
