<?xml version="1.0" encoding="UTF-8"?>
<project-private xmlns="http://www.netbeans.org/ns/project-private/1">
    <editor-bookmarks xmlns="http://www.netbeans.org/ns/editor-bookmarks/2" lastBookmarkId="0"/>
    <open-files xmlns="http://www.netbeans.org/ns/projectui-open-files/2">
        <group>
            <file>file:/D:/Users/Tyler/Documents/tyler/work/Prof%20Emami/Development%20Board%20Summer%202017/Code/Samples/Code/08_SD/SD_IO/SD_IO.X/main.c</file>
            <file>file:/D:/Users/Tyler/Documents/tyler/work/Prof%20Emami/Development%20Board%20Summer%202017/Code/Samples/Code/08_SD/SD_IO/SD_IO.X/SD_PIC.c</file>
        </group>
    </open-files>
</project-private>
