<?xml version="1.0" encoding="UTF-8"?><project-private xmlns="http://www.netbeans.org/ns/project-private/1">
    <editor-bookmarks xmlns="http://www.netbeans.org/ns/editor-bookmarks/1"/>
    <open-files xmlns="http://www.netbeans.org/ns/projectui-open-files/1">
        <file>file:/O:/LPC_FSUSB-CDC-X/system.h</file>
        <file>file:/O:/mla/v2013_12_20/framework/usb/src/usb_device_cdc.c</file>
        <file>file:/O:/LPC_FSUSB-CDC-X/usb_descriptors.c</file>
        <file>file:/O:/LPC_FSUSB-CDC-X/app_custom_cdc.c</file>
        <file>file:/O:/LPC_FSUSB-CDC-X/app_custom_cdc.h</file>
        <file>file:/O:/mla/v2014_07_22/framework/usb/src/usb_device.c</file>
        <file>file:/O:/mla/v2014_07_22/framework/usb/src/usb_device_local.h</file>
        <file>file:/O:/mla/v2014_07_22/framework/usb/src/usb_device_cdc.c</file>
        <file>file:/O:/LPC_FSUSB-CDC-X/C18_changes_in_framework.txt</file>
    </open-files>
</project-private>
